modele,MAE,RMSE,R2
Regression lineaire,19962.85045473438,25200.581718089958,0.9737144575138678
Random Forest,26095.145947363228,33969.89926444554,0.9522377991459366
