variable,importance
surface,0.890807994309886
distance_centre,0.03202488536499077
quartier_peripherie,0.028923058831081677
anciennete_batiment,0.02412004903591133
nombre_pieces,0.010401033403285265
etage,0.005724531423594277
quartier_residentiel,0.0039690877009662395
parking,0.002200144442913865
balcon,0.0018292154873705794
